model,workers,rtt_ms,bw_mbps,trial,k_0,k_a,decision_changed,J_k0_benign_ms,J_k0_attacked_ms,J_ka_benign_ms,delta_phys_ms,delta_probe_ctrl_ms
resnet18,2,5.0,100.0,1,4,2,1.0,69.01713333253642,76.32521333382437,87.91117333372742,7.308080001287948,18.894040001191
resnet18,2,5.0,100.0,2,4,3,1.0,70.4988599989735,73.77934666640039,82.8842600000271,3.280486667426885,12.385400001053597
resnet18,2,5.0,100.0,3,4,2,1.0,71.19327333441441,74.84891333365978,92.7737866672621,3.6556399992453663,21.580513332847687
resnet18,6,5.0,100.0,1,4,1,1.0,69.4931599993867,86.31644000108616,107.62541999955168,16.82328000169946,38.132260000164976
resnet18,6,5.0,100.0,2,4,1,1.0,70.40650666685028,90.85515333313835,109.2278200004476,20.44864666628807,38.82131333359732
resnet18,6,5.0,100.0,3,4,1,1.0,68.55323333313544,81.42632666782175,108.88642666618526,12.873093334686317,40.33319333304982
mobilenetv2,2,5.0,100.0,1,4,2,1.0,69.9742266672641,69.43037333387446,82.25810666590228,0.0,12.28387999863817
mobilenetv2,2,5.0,100.0,2,4,2,1.0,67.99380666618497,68.60339333296938,82.57525999918597,0.6095866667844092,14.581453333001008
mobilenetv2,2,5.0,100.0,3,4,2,1.0,69.06056666614285,69.14852000065702,81.41292000048578,0.08795333451416809,12.352353334342936
mobilenetv2,6,5.0,100.0,1,4,1,1.0,68.7157666655885,83.98518666735103,107.10940666629789,15.269420001762526,38.39364000070938
mobilenetv2,6,5.0,100.0,2,4,1,1.0,69.2756666672937,83.93347999938095,107.08228666691508,14.657813332087244,37.806619999621375
mobilenetv2,6,5.0,100.0,3,4,1,1.0,67.86550666592152,89.28300000184846,106.22285333318608,21.41749333592695,38.357346667264565
